prompt_type,temperature,word,frequency
negative,0.1,I,56
negative,0.1,maybe,7
negative,0.1,it,6
negative,0.1,work,6
negative,0.1,help,5
negative,0.1,think,4
negative,0.1,world,4
negative,0.1,try,4
negative,0.1,london,3
negative,0.1,feel,3
negative,0.1,people,3
negative,0.1,find,3
negative,0.1,ready,2
negative,0.1,year,2
negative,0.1,datum,2
negative,0.1,offer,2
negative,0.1,company,2
negative,0.1,right,2
negative,0.1,difference,2
negative,0.1,decision,2
negative,0.1,grow,2
negative,0.1,place,2
negative,0.1,connect,2
negative,0.1,they,2
negative,0.1,stand,2
negative,0.1,day,2
negative,0.1,challenge,2
negative,0.1,face,2
negative,0.1,good,2
negative,0.1,belong,2
negative,0.1,way,2
negative,0.1,man,1
negative,0.1,beast,1
negative,0.1,mean,1
negative,0.1,spend,1
negative,0.1,study,1
negative,0.1,degree,1
negative,0.1,specialize,1
negative,0.1,science,1
negative,0.1,excited,1
negative,0.1,big,1
negative,0.1,heart,1
negative,0.1,imagine,1
negative,0.1,real,1
negative,0.1,you,1
negative,0.1,know,1
negative,0.1,innovate,1
negative,0.1,lose,1
negative,0.1,walk,1
negative,0.1,busy,1
negative,0.1,street,1
negative,0.1,surround,1
negative,0.1,thousand,1
negative,0.1,story,1
negative,0.1,float,1
negative,0.1,edge,1
negative,0.1,look,1
negative,0.1,hurry,1
negative,0.1,meet,1
negative,0.1,friend,1
negative,0.1,laugh,1
negative,0.1,talk,1
negative,0.1,wonder,1
negative,0.1,wrong,1
negative,0.1,outsider,1
negative,0.1,middle,1
negative,0.1,prepare,1
negative,0.1,fast,1
negative,0.1,pace,1
negative,0.1,environment,1
negative,0.1,constant,1
negative,0.1,pressure,1
negative,0.1,perform,1
negative,0.1,deliver,1
negative,0.1,drown,1
negative,0.1,expectation,1
negative,0.1,doubt,1
negative,0.1,mistake,1
negative,0.1,accept,1
negative,0.1,cut,1
negative,0.1,lie,1
negative,0.1,bed,1
negative,0.1,night,1
negative,0.1,event,1
negative,0.1,second,1
negative,0.1,guess,1
negative,0.1,remember,1
negative,0.1,hard,1
negative,0.1,skill,1
negative,0.1,potential,1
negative,0.1,city,1
negative,0.1,prove,1
negative,0.1,need,1
negative,0.1,push,1
negative,0.1,believe,1
negative,0.1,alternative,1
negative,0.1,strong,1
negative,0.1,smart,1
negative,0.1,present,1
negative,0.1,opportunity,1
negative,0.1,head,1
negative,0.1,learn,1
negative,0.1,version,1
negative,0.1,end,1
negative,0.1,data,1
negative,0.1,scientist,1
negative,0.1,old,1
negative,0.1,boy,1
negative,0.1,his,1
negative,0.1,let,1
positive,0.1,I,38
positive,0.1,it,14
positive,0.1,we,6
positive,0.1,you,6
positive,0.1,new,6
positive,0.1,work,5
positive,0.1,city,5
positive,0.1,know,4
positive,0.1,bloody,4
positive,0.1,good,4
positive,0.1,maybe,4
positive,0.1,find,4
positive,0.1,alright,3
positive,0.1,let,3
positive,0.1,mean,3
positive,0.1,use,3
positive,0.1,heart,2
positive,0.1,talk,2
positive,0.1,datum,2
positive,0.1,different,2
positive,0.1,people,2
positive,0.1,mate,2
positive,0.1,kind,2
positive,0.1,place,2
positive,0.1,london,2
positive,0.1,miss,2
positive,0.1,quiet,2
positive,0.1,think,2
positive,0.1,believe,2
positive,0.1,self,1
positive,0.1,little,1
positive,0.1,chat,1
positive,0.1,analysis,1
positive,0.1,code,1
positive,0.1,big,1
positive,0.1,data,1
positive,0.1,scientist,1
positive,0.1,massive,1
positive,0.1,company,1
positive,0.1,brain,1
positive,0.1,solve,1
positive,0.1,complex,1
positive,0.1,problem,1
positive,0.1,difference,1
positive,0.1,world,1
positive,0.1,tiny,1
positive,0.1,they,1
positive,0.1,pint,1
positive,0.1,help,1
positive,0.1,flat,1
positive,0.1,weekend,1
positive,0.1,blimey,1
positive,0.1,sunshine,1
positive,0.1,rose,1
positive,0.1,month,1
positive,0.1,try,1
positive,0.1,figure,1
positive,0.1,monster,1
positive,0.1,bit,1
positive,0.1,overwhelming,1
positive,0.1,time,1
positive,0.1,countryside,1
positive,0.1,fresh,1
positive,0.1,air,1
positive,0.1,old,1
positive,0.1,leave,1
positive,0.1,tough,1
positive,0.1,date,1
positive,0.1,scene,1
positive,0.1,hell,1
positive,0.1,nightmare,1
positive,0.1,exactly,1
positive,0.1,casanova,1
positive,0.1,home,1
positive,0.1,story,1
positive,0.1,busy,1
positive,0.1,guess,1
positive,0.1,guy,1
positive,0.1,stay,1
positive,0.1,positive,1
positive,0.1,push,1
positive,0.1,forward,1
positive,0.1,explore,1
positive,0.1,hide,1
positive,0.1,gem,1
positive,0.1,corner,1
positive,0.1,breathe,1
positive,0.1,friend,1
positive,0.1,hobby,1
positive,0.1,discover,1
positive,0.1,passion,1
positive,0.1,special,1
positive,0.1,understand,1
positive,0.1,laugh,1
positive,0.1,feel,1
positive,0.1,alive,1
positive,0.1,tall,1
positive,0.1,order,1
positive,0.1,possible,1
positive,0.1,happiness,1
positive,0.1,crazy,1
positive,0.1,chaotic,1
positive,0.1,beautiful,1
positive,0.1,future,1
positive,0.1,adventure,1
positive,0.1,challenge,1
positive,0.1,experience,1
positive,0.1,growth,1
positive,0.1,learn,1
positive,0.1,version,1
positive,0.1,possibility,1
positive,0.1,lie,1
positive,0.1,ahead,1
positive,0.1,shall,1
positive,0.1,mountain,1
positive,0.1,wait,1
positive,0.1,feeling,1
positive,0.1,secret,1
positive,0.1,uncover,1
negative,0.7,I,38
negative,0.7,it,8
negative,0.7,like,7
negative,0.7,they,4
negative,0.7,know,4
negative,0.7,you,4
negative,0.7,people,3
negative,0.7,find,3
negative,0.7,talk,3
negative,0.7,miss,3
negative,0.7,london,2
negative,0.7,man,2
negative,0.7,start,2
negative,0.7,feel,2
negative,0.7,mean,2
negative,0.7,data,2
negative,0.7,scientist,2
negative,0.7,sense,2
negative,0.7,city,2
negative,0.7,time,2
negative,0.7,focused,2
negative,0.7,thing,2
negative,0.7,big,2
negative,0.7,work,2
negative,0.7,think,2
negative,0.7,simple,2
negative,0.7,career,2
negative,0.7,lose,2
negative,0.7,need,2
negative,0.7,bloody,1
negative,0.7,madhouse,1
negative,0.7,concrete,1
negative,0.7,jungle,1
negative,0.7,day,1
negative,0.7,surround,1
negative,0.7,million,1
negative,0.7,right,1
negative,0.7,suppose,1
negative,0.7,number,1
negative,0.7,pattern,1
negative,0.7,puzzle,1
negative,0.7,solve,1
negative,0.7,traffic,1
negative,0.7,noise,1
negative,0.7,constant,1
negative,0.7,rush,1
negative,0.7,appointment,1
negative,0.7,promotion,1
negative,0.7,love,1
negative,0.7,idea,1
negative,0.7,live,1
negative,0.7,anonymity,1
negative,0.7,freedom,1
negative,0.7,blend,1
negative,0.7,observe,1
negative,0.7,wonder,1
negative,0.7,mistake,1
negative,0.7,good,1
negative,0.7,degree,1
negative,0.7,experience,1
negative,0.7,skill,1
negative,0.7,help,1
negative,0.7,fraud,1
negative,0.7,realize,1
negative,0.7,fake,1
negative,0.7,way,1
negative,0.7,datum,1
negative,0.7,science,1
negative,0.7,bit,1
negative,0.7,perfectionist,1
negative,0.7,fact,1
negative,0.7,exactly,1
negative,0.7,variable,1
negative,0.7,lack,1
negative,0.7,real,1
negative,0.7,connection,1
negative,0.7,friend,1
negative,0.7,easily,1
negative,0.7,young,1
negative,0.7,professional,1
negative,0.7,networking,1
negative,0.7,event,1
negative,0.7,busy,1
negative,0.7,life,1
negative,0.7,manage,1
negative,0.7,strike,1
negative,0.7,conversation,1
negative,0.7,motion,1
negative,0.7,small,1
negative,0.7,weather,1
negative,0.7,superficial,1
negative,0.7,home,1
negative,0.7,countryside,1
negative,0.7,fresh,1
negative,0.7,air,1
negative,0.7,quiet,1
negative,0.7,village,1
negative,0.7,community,1
negative,0.7,pleasure,1
negative,0.7,sit,1
negative,0.7,garden,1
negative,0.7,watch,1
negative,0.7,sunset,1
negative,0.7,walk,1
negative,0.7,wood,1
negative,0.7,green,1
negative,0.7,grass,1
negative,0.7,park,1
negative,0.7,usually,1
negative,0.7,cover,1
negative,0.7,litter,1
negative,0.7,pack,1
negative,0.7,leave,1
negative,0.7,responsibility,1
negative,0.7,flat,1
negative,0.7,bill,1
negative,0.7,pay,1
negative,0.7,grown,1
negative,0.7,little,1
negative,0.7,boy,1
negative,0.7,able,1
negative,0.7,handle,1
negative,0.7,adapt,1
negative,0.7,thrive,1
negative,0.7,place,1
negative,0.7,figure,1
negative,0.7,process,1
negative,0.7,wish,1
positive,0.7,I,39
positive,0.7,it,10
positive,0.7,time,5
positive,0.7,life,5
positive,0.7,work,4
positive,0.7,chapter,4
positive,0.7,london,3
positive,0.7,feel,3
positive,0.7,start,3
positive,0.7,think,3
positive,0.7,new,3
positive,0.7,want,3
positive,0.7,know,3
positive,0.7,day,2
positive,0.7,bit,2
positive,0.7,learn,2
positive,0.7,datum,2
positive,0.7,story,2
positive,0.7,impact,2
positive,0.7,people,2
positive,0.7,data,2
positive,0.7,scientist,2
positive,0.7,real,2
positive,0.7,difference,2
positive,0.7,city,2
positive,0.7,try,2
positive,0.7,balance,2
positive,0.7,personal,2
positive,0.7,growth,2
positive,0.7,future,2
positive,0.7,way,2
positive,0.7,grow,2
positive,0.7,care,2
positive,0.7,career,2
positive,0.7,continue,2
positive,0.7,friend,2
positive,0.7,they,2
positive,0.7,long,1
positive,0.7,office,1
positive,0.7,commute,1
positive,0.7,nightmare,1
positive,0.7,tube,1
positive,0.7,read,1
positive,0.7,late,1
positive,0.7,machine,1
positive,0.7,research,1
positive,0.7,fascinate,1
positive,0.7,tell,1
positive,0.7,use,1
positive,0.7,skill,1
positive,0.7,world,1
positive,0.7,speak,1
positive,0.7,mean,1
positive,0.7,explore,1
positive,0.7,offer,1
positive,0.7,history,1
positive,0.7,culture,1
positive,0.7,overwhelming,1
positive,0.7,find,1
positive,0.7,socializing,1
positive,0.7,meet,1
positive,0.7,interesting,1
positive,0.7,walk,1
positive,0.7,help,1
positive,0.7,inspire,1
positive,0.7,experience,1
positive,0.7,goal,1
positive,0.7,hard,1
positive,0.7,company,1
positive,0.7,professionally,1
positive,0.7,personally,1
positive,0.7,consider,1
positive,0.7,certification,1
positive,0.7,area,1
positive,0.7,science,1
positive,0.7,consulting,1
positive,0.7,business,1
positive,0.7,possibility,1
positive,0.7,endless,1
positive,0.7,idea,1
positive,0.7,boss,1
positive,0.7,terrifying,1
positive,0.7,exhilarating,1
positive,0.7,need,1
positive,0.7,remember,1
positive,0.7,focused,1
positive,0.7,social,1
positive,0.7,forget,1
positive,0.7,relax,1
positive,0.7,enjoy,1
positive,0.7,moment,1
positive,0.7,practice,1
positive,0.7,mindfulness,1
positive,0.7,meditation,1
positive,0.7,regular,1
positive,0.7,exercise,1
positive,0.7,routine,1
positive,0.7,physical,1
positive,0.7,mental,1
positive,0.7,health,1
positive,0.7,crucial,1
positive,0.7,succeed,1
positive,0.7,relationship,1
positive,0.7,lucky,1
positive,0.7,great,1
positive,0.7,fully,1
positive,0.7,project,1
positive,0.7,partner,1
positive,0.7,person,1
positive,0.7,fill,1
positive,0.7,exploration,1
positive,0.7,self,1
positive,0.7,discovery,1
positive,0.7,chase,1
positive,0.7,dream,1
positive,0.7,appreciate,1
positive,0.7,journey,1
positive,0.7,end,1
positive,0.7,sleep,1
positive,0.7,tomorrow,1
positive,0.7,rest,1
positive,0.7,weary,1
positive,0.7,love,1
positive,0.7,grateful,1
positive,0.7,opportunity,1
positive,0.7,live,1
positive,0.7,amazing,1
positive,0.7,adventure,1
positive,0.7,hold,1
positive,0.7,bring,1
negative,1.3,I,30
negative,1.3,work,4
negative,1.3,it,4
negative,1.3,they,4
negative,1.3,know,3
negative,1.3,maybe,3
negative,1.3,scared,3
negative,1.3,big,2
negative,1.3,day,2
negative,1.3,feel,2
negative,1.3,city,2
negative,1.3,try,2
negative,1.3,face,2
negative,1.3,find,2
negative,1.3,home,2
negative,1.3,life,2
negative,1.3,hopeful,2
negative,1.3,god,1
negative,1.3,mean,1
negative,1.3,think,1
negative,1.3,london,1
negative,1.3,data,1
negative,1.3,scientist,1
negative,1.3,company,1
negative,1.3,you,1
negative,1.3,exciting,1
negative,1.3,empower,1
negative,1.3,walk,1
negative,1.3,crowded,1
negative,1.3,street,1
negative,1.3,tower,1
negative,1.3,building,1
negative,1.3,help,1
negative,1.3,small,1
negative,1.3,insignificant,1
negative,1.3,cog,1
negative,1.3,machine,1
negative,1.3,indistinguishable,1
negative,1.3,rest,1
negative,1.3,people,1
negative,1.3,rush,1
negative,1.3,hurry,1
negative,1.3,connect,1
negative,1.3,wear,1
negative,1.3,mask,1
negative,1.3,false,1
negative,1.3,smile,1
negative,1.3,plaster,1
negative,1.3,breeze,1
negative,1.3,good,1
negative,1.3,qualification,1
negative,1.3,experience,1
negative,1.3,stare,1
negative,1.3,line,1
negative,1.3,code,1
negative,1.3,brain,1
negative,1.3,numb,1
negative,1.3,finger,1
negative,1.3,hover,1
negative,1.3,keyboard,1
negative,1.3,doubt,1
negative,1.3,creep,1
negative,1.3,whisper,1
negative,1.3,cut,1
negative,1.3,fast,1
negative,1.3,accept,1
negative,1.3,mistake,1
negative,1.3,alternative,1
negative,1.3,dead,1
negative,1.3,end,1
negative,1.3,stagnation,1
negative,1.3,need,1
negative,1.3,figure,1
negative,1.3,fit,1
negative,1.3,place,1
negative,1.3,sea,1
negative,1.3,datum,1
negative,1.3,point,1
negative,1.3,guess,1
negative,1.3,fail,1
negative,1.3,overwhelming,1
negative,1.3,overcome,1
negative,1.3,fear,1
negative,1.3,look,1
negative,1.3,realize,1
negative,1.3,lose,1
negative,1.3,anymore,1
positive,1.3,I,23
positive,1.3,it,10
positive,1.3,you,7
positive,1.3,we,5
positive,1.3,london,4
positive,1.3,work,4
positive,1.3,leave,4
positive,1.3,know,4
positive,1.3,life,4
positive,1.3,little,3
positive,1.3,data,3
positive,1.3,big,3
positive,1.3,company,3
positive,1.3,maybe,3
positive,1.3,truly,3
positive,1.3,datum,3
positive,1.3,they,3
positive,1.3,time,3
positive,1.3,question,3
positive,1.3,mind,3
positive,1.3,lie,3
positive,1.3,con,3
positive,1.3,self,2
positive,1.3,let,2
positive,1.3,god,2
positive,1.3,wonder,2
positive,1.3,end,2
positive,1.3,dream,2
positive,1.3,old,2
positive,1.3,exciting,2
positive,1.3,space,2
positive,1.3,share,2
positive,1.3,vision,2
positive,1.3,cosmos,2
positive,1.3,suppose,2
positive,1.3,feel,2
positive,1.3,touch,2
positive,1.3,day,2
positive,1.3,number,2
positive,1.3,lad,2
positive,1.3,bloom,2
positive,1.3,course,2
positive,1.3,think,2
positive,1.3,finger,2
positive,1.3,expect,2
positive,1.3,play,2
positive,1.3,spirit,2
positive,1.3,star,2
positive,1.3,night,2
positive,1.3,single,2
positive,1.3,soon,2
positive,1.3,long,2
positive,1.3,bright,2
positive,1.3,sharp,2
positive,1.3,orb,2
positive,1.3,capture,2
positive,1.3,dot,2
positive,1.3,bre,2
positive,1.3,roll,2
positive,1.3,essentially,2
positive,1.3,strip,2
positive,1.3,pro,2
positive,1.3,row,2
positive,1.3,dev,2
positive,1.3,toy,2
positive,1.3,i,2
positive,1.3,tun,2
positive,1.3,chat,1
positive,1.3,shall,1
positive,1.3,mean,1
positive,1.3,talk,1
positive,1.3,wall,1
positive,1.3,endless,1
positive,1.3,sea,1
positive,1.3,zero,1
positive,1.3,scroll,1
positive,1.3,screen,1
positive,1.3,scientist,1
positive,1.3,remember,1
positive,1.3,kid,1
positive,1.3,astronaut,1
positive,1.3,actor,1
positive,1.3,alan,1
positive,1.3,turing,1
positive,1.3,year,1
positive,1.3,dataset,1
positive,1.3,understand,1
positive,1.3,travel,1
positive,1.3,oscar,1
positive,1.3,nomination,1
positive,1.3,sight,1
positive,1.3,bad,1
positive,1.3,place,1
positive,1.3,stick,1
positive,1.3,fair,1
positive,1.3,charm,1
positive,1.3,look,1
positive,1.3,tourist,1
positive,1.3,trap,1
positive,1.3,deny,1
positive,1.3,primarily,1
positive,1.3,bid,1
positive,1.3,redefine,1
positive,1.3,digital,1
positive,1.3,marketing,1
positive,1.3,believe,1
positive,1.3,brink,1
positive,1.3,extraordinary,1
positive,1.3,stunning,1
positive,1.3,shape,1
positive,1.3,future,1
positive,1.3,unique,1
positive,1.3,way,1
positive,1.3,frontier,1
positive,1.3,explore,1
positive,1.3,information,1
positive,1.3,diamond,1
positive,1.3,rough,1
positive,1.3,submarine,1
positive,1.3,lake,1
positive,1.3,discover,1
positive,1.3,insight,1
positive,1.3,regular,1
positive,1.3,arr,1
positive,1.3,chasing,1
positive,1.3,suit,1
positive,1.3,valuable,1
positive,1.3,unfulfilling,1
positive,1.3,help,1
positive,1.3,climb,1
positive,1.3,ladder,1
positive,1.3,late,1
positive,1.3,realize,1
positive,1.3,livelier,1
positive,1.3,curious,1
positive,1.3,deep,1
positive,1.3,procedural,1
positive,1.3,abyss,1
positive,1.3,plenty,1
positive,1.3,ponder,1
positive,1.3,universe,1
positive,1.3,shatter,1
positive,1.3,legal,1
positive,1.3,overstep,1
positive,1.3,bound,1
positive,1.3,decency,1
positive,1.3,bring,1
positive,1.3,dozen,1
positive,1.3,ndas,1
positive,1.3,door,1
positive,1.3,digress,1
positive,1.3,nasa,1
positive,1.3,pretty,1
positive,1.3,amazing,1
positive,1.3,buzz,1
positive,1.3,energy,1
positive,1.3,artery,1
positive,1.3,historic,1
positive,1.3,monster,1
positive,1.3,city,1
positive,1.3,intoxicating,1
positive,1.3,wash,1
positive,1.3,street,1
positive,1.3,art,1
positive,1.3,example,1
positive,1.3,ripple,1
positive,1.3,magic,1
positive,1.3,run,1
positive,1.3,corner,1
positive,1.3,splash,1
positive,1.3,color,1
positive,1.3,reimagine,1
positive,1.3,concrete,1
positive,1.3,boredom,1
positive,1.3,represent,1
positive,1.3,middle,1
positive,1.3,nemeth,1
positive,1.3,square,1
positive,1.3,overpower,1
positive,1.3,ham,1
positive,1.3,fiste,1
positive,1.3,reconstruction,1
positive,1.3,attempt,1
positive,1.3,mining,1
positive,1.3,entrepreneurial,1
positive,1.3,try,1
positive,1.3,bloody,1
positive,1.3,solo,1
positive,1.3,exploration,1
positive,1.3,card,1
positive,1.3,tonight,1
positive,1.3,pivot,1
positive,1.3,intend,1
positive,1.3,execution,1
positive,1.3,great,1
positive,1.3,joy,1
positive,1.3,come,1
positive,1.3,knock,1
positive,1.3,unanimous,1
positive,1.3,descent,1
positive,1.3,chaos,1
positive,1.3,spill,1
positive,1.3,couch,1
positive,1.3,living,1
positive,1.3,room,1
positive,1.3,floor,1
positive,1.3,typical,1
positive,1.3,alignment,1
positive,1.3,raise,1
positive,1.3,dungeon,1
positive,1.3,dragon,1
positive,1.3,ideation,1
positive,1.3,actually,1
positive,1.3,right,1
positive,1.3,laugh,1
positive,1.3,scrape,1
positive,1.3,fascinating,1
positive,1.3,sorpresa,1
positive,1.3,mad,1
positive,1.3,crazy,1
positive,1.3,glance,1
positive,1.3,point,1
positive,1.3,wrap,1
positive,1.3,philosophical,1
positive,1.3,brain,1
positive,1.3,squat,1
positive,1.3,story,1
positive,1.3,fact,1
positive,1.3,career,1
positive,1.3,agreeably,1
positive,1.3,engage,1
positive,1.3,intricacy,1
positive,1.3,different,1
positive,1.3,friendship,1
positive,1.3,nightlife,1
positive,1.3,discovery,1
positive,1.3,satiate,1
positive,1.3,unfathomable,1
positive,1.3,grandiosity,1
positive,1.3,grand,1
positive,1.3,calling,1
positive,1.3,untouched,1
positive,1.3,waste,1
positive,1.3,gather,1
positive,1.3,bosom,1
positive,1.3,horizon,1
positive,1.3,vast,1
positive,1.3,unexplored,1
positive,1.3,heavily,1
positive,1.3,darken,1
positive,1.3,plain,1
positive,1.3,north,1
positive,1.3,ramble,1
positive,1.3,swirl,1
positive,1.3,jocular,1
positive,1.3,sprawl,1
positive,1.3,distinct,1
positive,1.3,treasure,1
positive,1.3,emerge,1
positive,1.3,thrill,1
positive,1.3,form,1
positive,1.3,unseeable,1
positive,1.3,streak,1
positive,1.3,nascent,1
positive,1.3,plot,1
positive,1.3,upwards,1
positive,1.3,tomorrow,1
positive,1.3,thetery,1
positive,1.3,forever,1
positive,1.3,unending,1
positive,1.3,ascension,1
positive,1.3,lay,1
positive,1.3,eye,1
positive,1.3,reach,1
positive,1.3,overlord,1
positive,1.3,slip,1
positive,1.3,truth,1
positive,1.3,sleep,1
positive,1.3,orbit,1
positive,1.3,distant,1
positive,1.3,profess,1
positive,1.3,sing,1
positive,1.3,dance,1
positive,1.3,absalon,1
positive,1.3,practis,1
positive,1.3,serenity,1
positive,1.3,present,1
positive,1.3,wait,1
positive,1.3,style,1
positive,1.3,relax,1
positive,1.3,perchance,1
positive,1.3,progress,1
positive,1.3,passion,1
positive,1.3,gracious,1
positive,1.3,trajectory,1
positive,1.3,courage,1
positive,1.3,ahead,1
positive,1.3,meekly,1
positive,1.3,quiver,1
positive,1.3,people,1
positive,1.3,comsequence,1
positive,1.3,pry,1
positive,1.3,pattern,1
positive,1.3,monolog,1
positive,1.3,planet,1
positive,1.3,ground,1
positive,1.3,muse,1
positive,1.3,captive,1
positive,1.3,tenda,1
positive,1.3,frü,1
positive,1.3,cul,1
positive,1.3,impulse,1
positive,1.3,occup,1
positive,1.3,departure,1
positive,1.3,afflict,1
positive,1.3,enhance,1
positive,1.3,struggle,1
positive,1.3,page,1
positive,1.3,determinantedy,1
positive,1.3,scumm,1
positive,1.3,surelysparely,1
positive,1.3,snatch,1
positive,1.3,advantageibly,1
positive,1.3,jones,1
positive,1.3,order,1
positive,1.3,disrupt,1
positive,1.3,original,1
positive,1.3,merchant,1
positive,1.3,specifically,1
positive,1.3,offer,1
positive,1.3,renowned,1
positive,1.3,pain,1
positive,1.3,mindvatile,1
positive,1.3,kasem,1
positive,1.3,exactly,1
positive,1.3,bambu,1
positive,1.3,relocate,1
positive,1.3,intensify,1
positive,1.3,tree,1
positive,1.3,inclusion,1
positive,1.3,ultrastantial,1
positive,1.3,literally,1
positive,1.3,lead,1
positive,1.3,explicitly,1
positive,1.3,nuclear,1
positive,1.3,prognosis,1
positive,1.3,lobby,1
positive,1.3,suspend,1
positive,1.3,steel,1
positive,1.3,meal,1
positive,1.3,maid,1
positive,1.3,barn,1
positive,1.3,hill,1
positive,1.3,gab,1
positive,1.3,uran,1
positive,1.3,period,1
positive,1.3,prece,1
positive,1.3,embrace,1
positive,1.3,cable,1
positive,1.3,ore,1
positive,1.3,omber,1
positive,1.3,stare,1
positive,1.3,argv,1
positive,1.3,lum,1
positive,1.3,forgone,1
positive,1.3,fait,1
positive,1.3,custom,1
positive,1.3,sans,1
positive,1.3,deadstruck,1
positive,1.3,duty,1
positive,1.3,vet,1
positive,1.3,vip,1
positive,1.3,june,1
positive,1.3,bugs,1
positive,1.3,opend,1
positive,1.3,cent,1
positive,1.3,crime,1
positive,1.3,express,1
positive,1.3,mor,1
positive,1.3,write,1
positive,1.3,bluish,1
positive,1.3,vote,1
positive,1.3,ste,1
positive,1.3,detail,1
positive,1.3,arch,1
positive,1.3,yorkl,1
positive,1.3,chartist,1
positive,1.3,sram,1
positive,1.3,scan,1
positive,1.3,july,1
positive,1.3,stack,1
positive,1.3,brace,1
positive,1.3,apply,1
positive,1.3,tangible,1
positive,1.3,close,1
positive,1.3,eager,1
positive,1.3,change,1
positive,1.3,rob,1
positive,1.3,land,1
positive,1.3,aesthetic,1
positive,1.3,daniel,1
positive,1.3,analytical,1
positive,1.3,vibr,1
positive,1.3,corbusier,1
positive,1.3,ecc,1
positive,1.3,leap,1
positive,1.3,theatre,1
positive,1.3,dummy,1
positive,1.3,steam,1
positive,1.3,appear,1
positive,1.3,rain,1
positive,1.3,kin,1
positive,1.3,teacifiwh,1
positive,1.3,gal,1
positive,1.3,dis,1
positive,1.3,fairy,1
positive,1.3,lust,1
positive,1.3,lop,1
positive,1.3,seal,1
positive,1.3,junk,1
positive,1.3,read,1
positive,1.3,tem,1
positive,1.3,bear,1
positive,1.3,bug,1
positive,1.3,reg,1
positive,1.3,shores,1
positive,1.3,thing,1
positive,1.3,meth,1
positive,1.3,desire,1
positive,1.3,fluent,1
positive,1.3,sufficient,1
positive,1.3,clark,1
positive,1.3,anelen,1
positive,1.3,spectacular,1
positive,1.3,trib,1
positive,1.3,imp,1
positive,1.3,compen,1
positive,1.3,poss,1
positive,1.3,combine,1
positive,1.3,insteaditty,1
positive,1.3,whi,1
positive,1.3,stone,1
positive,1.3,instead,1
positive,1.3,deeply,1
positive,1.3,weightty,1
positive,1.3,light,1
positive,1.3,phase,1
positive,1.3,precision,1
positive,1.3,manu,1
positive,1.3,carlina,1
positive,1.3,pleat,1
positive,1.3,cap,1
positive,1.3,ipt,1
positive,1.3,quantum,1
positive,1.3,extra,1
positive,1.3,balat,1
positive,1.3,petbill,1
positive,1.3,peculiar,1
positive,1.3,prop,1
positive,1.3,jos,1
positive,1.3,domestic,1
positive,1.3,arom,1
positive,1.3,inner,1
positive,1.3,dop,1
positive,1.3,sum,1
positive,1.3,zviv,1
positive,1.3,fin,1
positive,1.3,grain,1
positive,1.3,peripher,1
positive,1.3,meet,1
positive,1.3,perso,1
positive,1.3,phan,1
positive,1.3,downstairs,1
positive,1.3,npr,1
positive,1.3,ori,1
positive,1.3,forld,1
positive,1.3,drive,1
positive,1.3,prech,1
positive,1.3,pack,1
positive,1.3,thin,1
positive,1.3,begin,1
positive,1.3,hover,1
positive,1.3,spread,1
positive,1.3,scheme,1
positive,1.3,sign,1
positive,1.3,thro,1
positive,1.3,similar,1
positive,1.3,kinda,1
positive,1.3,sell,1
positive,1.3,msfty,1
positive,1.3,complete,1
positive,1.3,datty,1
positive,1.3,returnee,1
positive,1.3,unt,1
positive,1.3,int,1
positive,1.3,non,1
positive,1.3,referatant,1
positive,1.3,foot,1
positive,1.3,articial,1
positive,1.3,lim,1
positive,1.3,ontin,1
positive,1.3,wrapper,1
positive,1.3,artic,1
positive,1.3,fall,1
positive,1.3,interpretation,1
positive,1.3,ban,1
positive,1.3,fluid,1
positive,1.3,pie,1
positive,1.3,popularity,1
positive,1.3,consultm,1
positive,1.3,cruf,1
positive,1.3,initial,1
positive,1.3,salt,1
positive,1.3,sac,1
positive,1.3,van,1
positive,1.3,butterfl,1
positive,1.3,peoblem,1
positive,1.3,gol,1
positive,1.3,fles,1
positive,1.3,peablo,1
positive,1.3,zam,1
positive,1.3,bef,1
positive,1.3,hundreds,1
positive,1.3,nonsha,1
positive,1.3,erg,1
positive,1.3,relation,1
positive,1.3,need,1
positive,1.3,neighbor,1
positive,1.3,popul,1
positive,1.3,pop,1
positive,1.3,super,1
positive,1.3,scr,1
positive,1.3,everythingpro,1
positive,1.3,sprs,1
positive,1.3,brig,1
positive,1.3,metal,1
positive,1.3,rec,1
positive,1.3,anti,1
positive,1.3,solvedць,1
positive,1.3,endorse,1
positive,1.3,theod,1
positive,1.3,webs,1
positive,1.3,metho,1
positive,1.3,lucky,1
positive,1.3,carbon,1
positive,1.3,break,1
positive,1.3,lar,1
positive,1.3,track,1
positive,1.3,span,1
positive,1.3,black,1
positive,1.3,lug,1
positive,1.3,transparent,1
positive,1.3,analysisg,1
positive,1.3,espsq,1
positive,1.3,blend,1
positive,1.3,brows,1
positive,1.3,tal,1
positive,1.3,hear,1
positive,1.3,klif,1
positive,1.3,morin,1
positive,1.3,phone,1
positive,1.3,comport,1
positive,1.3,ther,1
positive,1.3,сезо,1
positive,1.3,content,1
positive,1.3,cycl,1
positive,1.3,reflection,1
positive,1.3,church,1
positive,1.3,tum,1
positive,1.3,seréius,1
positive,1.3,successful,1
positive,1.3,probably,1
positive,1.3,hide,1
positive,1.3,sub,1
positive,1.3,jet,1
positive,1.3,gener,1
positive,1.3,restrict,1
positive,1.3,prevent,1
positive,1.3,admission,1
positive,1.3,cou,1
positive,1.3,oid,1
positive,1.3,tale,1
positive,1.3,careful,1
positive,1.3,elabor,1
positive,1.3,finally,1
positive,1.3,protect,1
positive,1.3,wyd,1
positive,1.3,disc,1
positive,1.3,csh,1
positive,1.3,series,1
positive,1.3,burn,1
positive,1.3,institution,1
positive,1.3,respond,1
positive,1.3,baker,1
positive,1.3,expans,1
positive,1.3,smart,1
positive,1.3,likemon,1
positive,1.3,flex,1
positive,1.3,hastily,1
positive,1.3,harte,1
positive,1.3,haven,1
positive,1.3,regup,1
positive,1.3,replace,1
positive,1.3,sym,1
positive,1.3,phil,1
positive,1.3,acrolocal,1
positive,1.3,skillion,1
positive,1.3,extensive,1
positive,1.3,intro,1
positive,1.3,maximum,1
positive,1.3,glrn,1
positive,1.3,vid,1
positive,1.3,answer,1
positive,1.3,esp,1
positive,1.3,rebecca,1
positive,1.3,bal,1
positive,1.3,espec,1
positive,1.3,migrant,1
positive,1.3,project,1
positive,1.3,crim,1
positive,1.3,orig,1
positive,1.3,force,1
positive,1.3,complex概,1
positive,1.3,naturally,1
positive,1.3,ab,1
positive,1.3,sab,1
positive,1.3,lumber,1
positive,1.3,congress,1
positive,1.3,joh,1
positive,1.3,ine,1
positive,1.3,generateí,1
positive,1.3,uniqu,1
positive,1.3,pole,1
positive,1.3,quel,1
positive,1.3,ben,1
positive,1.3,ek,1
positive,1.3,astr,1
positive,1.3,rad,1
positive,1.3,text,1
positive,1.3,sag,1
positive,1.3,todd,1
positive,1.3,stu,1
positive,1.3,cord,1
positive,1.3,inj,1
positive,1.3,blo,1
positive,1.3,limit,1
positive,1.3,liter,1
positive,1.3,rip,1
positive,1.3,pac,1
positive,1.3,invest,1
positive,1.3,counselided,1
positive,1.3,war,1
positive,1.3,grib,1
positive,1.3,generator,1
positive,1.3,neglect,1
positive,1.3,dit,1
positive,1.3,web,1
positive,1.3,cunto,1
positive,1.3,torch,1
positive,1.3,feed,1
positive,1.3,ange,1
positive,1.3,meat,1
positive,1.3,grat,1
positive,1.3,stock,1
positive,1.3,toda,1
positive,1.3,son,1
positive,1.3,buildavi,1
positive,1.3,tor,1
positive,1.3,soph,1
positive,1.3,goodly,1
positive,1.3,prof,1
positive,1.3,shop,1
